0.0,0.0,0.0,0.0,0.0,0.0
0.0,0.0,0.0,0.0,0.0,0.0
0.0,0.0,0.0,0.0,0.0,0.0
0.0,0.0,0.0,0.0,0.0,0.0
0.0,0.0,0.0,0.0,0.0,0.0
0.0,0.0,0.0,0.0,0.0,0.0
0.0,0.0,0.0,0.0,0.0,0.0
0.0,0.0,0.0,0.0,0.0,0.0
0.0,0.0,0.0,0.0,0.0,0.0
0.0,0.0,0.0,0.0,0.0,0.0
0.0,0.0,0.0,0.0,0.0,0.0
0.0,0.0,0.0,0.0,0.0,0.0
0.0,0.0,0.0,0.0,0.0,0.0
0.0,0.0,0.0,0.0,0.0,0.0
0.0,0.0,0.0,0.0,0.0,0.0
0.0,0.0,0.0,0.0,0.0,0.0
0.0,0.0,0.0,0.0,0.0,0.0
0.0,0.0,0.0,0.0,9.658999999999999,0.0
0.0,0.0,0.0,0.0,14.93,9.658999999999999
0.0,0.0,0.0,0.0,14.93,14.93
0.0,0.0,0.0,0.0,14.93,14.93
0.0,0.0,4.837,0.0,14.93,14.93
0.0,0.0,7.42,4.837,14.93,14.93
0.0,0.0,7.42,7.42,14.93,14.93
0.0,0.0,7.42,7.42,14.93,14.93
0.0,0.0,7.42,7.42,14.93,14.93
0.0,0.0,7.42,7.42,14.93,14.93
0.0,0.0,7.42,7.42,14.93,14.93
0.0,0.0,7.42,7.42,14.93,14.93
0.0,0.0,7.42,7.42,14.93,14.93
0.0,0.0,7.42,7.42,14.93,14.93
0.0,0.0,7.42,7.42,14.93,14.93
0.0,0.0,7.42,7.42,14.93,14.93
0.0,0.0,7.42,7.42,14.93,14.93
0.0,0.0,7.42,7.42,14.93,14.93
0.0,0.0,7.42,7.42,14.93,14.93
0.0,0.0,7.42,7.42,14.93,14.93
0.0,0.0,7.42,7.42,14.93,14.93
0.0,0.0,7.42,7.42,14.93,14.93
0.0,0.0,7.42,7.42,14.93,14.93
0.0,0.0,7.42,7.42,14.93,14.93
0.0,0.0,7.42,7.42,14.93,14.93
0.0,0.0,7.42,7.42,14.93,14.93
0.0,0.0,7.42,7.42,14.93,14.93
0.0,0.0,7.42,7.42,14.93,14.93
0.0,0.0,7.42,7.42,14.93,14.93
0.0,0.0,7.42,7.42,14.93,14.93
0.0,0.0,7.42,7.42,14.93,14.93
0.0,0.0,7.42,7.42,14.93,14.93
0.0,0.0,7.42,7.42,14.93,14.93
0.0,0.0,7.42,7.42,14.93,14.93
0.0,0.0,7.42,7.42,14.93,14.93
0.0,0.0,7.42,7.42,14.93,14.93
0.0,0.0,7.42,7.42,14.93,14.93
0.0,0.0,7.42,7.42,14.93,14.93
0.0,0.0,7.42,7.42,14.93,14.93
0.0,0.0,7.42,7.42,14.93,14.93
0.0,0.0,7.42,7.42,14.93,14.93
0.0,0.0,7.42,7.42,14.93,14.93
0.0,0.0,7.42,7.42,14.93,14.93
0.0,0.0,7.42,7.42,14.93,14.93
0.0,0.0,7.42,7.42,14.93,14.93
0.0,0.0,7.42,7.42,14.93,14.93
0.0,0.0,7.42,7.42,14.93,14.93
0.0,0.0,7.42,7.42,14.93,14.93
0.0,0.0,7.42,7.42,14.93,14.93
0.0,0.0,7.42,7.42,14.93,14.93
0.0,0.0,7.42,7.42,14.93,14.93
0.0,0.0,7.42,7.42,14.93,14.93
0.0,0.0,7.42,7.42,14.93,14.93
0.0,0.0,7.42,7.42,14.93,14.93
0.0,0.0,7.42,7.42,14.93,14.93
0.0,0.0,7.42,7.42,14.93,14.93
0.0,0.0,7.42,7.42,14.93,14.93
0.0,0.0,7.42,7.42,14.93,14.93
0.0,0.0,7.42,7.42,14.93,14.93
0.0,0.0,7.42,7.42,14.93,14.93
0.0,0.0,7.42,7.42,14.93,14.93
0.0,0.0,7.42,7.42,14.93,14.93
0.0,0.0,7.42,7.42,14.93,14.93
0.0,0.0,7.42,7.42,14.93,14.93
0.0,0.0,7.42,7.42,14.93,14.93
0.0,0.0,7.42,7.42,14.93,14.93
0.0,0.0,7.42,7.42,14.93,14.93
0.0,0.0,7.42,7.42,14.93,14.93
0.0,0.0,7.42,7.42,14.93,14.93
0.0,0.0,7.42,7.42,14.93,14.93
0.0,0.0,7.42,7.42,14.93,14.93
0.0,0.0,7.42,7.42,14.93,14.93
0.0,0.0,7.42,7.42,14.93,14.93
0.0,0.0,7.42,7.42,14.93,14.93
0.0,0.0,7.42,7.42,14.93,14.93
0.0,0.0,7.42,7.42,14.93,14.93
0.0,0.0,7.42,7.42,14.93,14.93
0.0,0.0,7.42,7.42,14.93,14.93
0.0,0.0,7.42,7.42,14.93,14.93
0.0,0.0,7.42,7.42,14.93,14.93
0.0,0.0,7.42,7.42,14.93,14.93
0.0,0.0,7.42,7.42,14.93,14.93
0.0,0.0,7.42,7.42,14.93,14.93
0.0,0.0,7.42,7.42,14.93,14.93
0.0,0.0,7.42,7.42,14.93,14.93
0.0,0.0,7.42,7.42,14.93,14.93
0.0,0.0,7.42,7.42,14.93,14.93
155.69899999999998,0.0,7.42,7.42,14.93,14.93
250.31599999999997,155.69899999999998,7.42,7.42,14.93,14.93
268.503,250.31599999999997,7.824,7.42,14.93,14.93
277.316,268.503,8.03,7.824,14.93,14.93
280.58,277.316,8.03,8.03,14.93,14.93
278.853,280.58,8.03,8.03,14.93,14.93
280.688,278.853,8.03,8.03,14.93,14.93
281.968,280.688,8.03,8.03,14.93,14.93
280.205,281.968,8.03,8.03,14.93,14.93
276.211,280.205,8.03,8.03,14.93,14.93
274.103,276.211,8.03,8.03,14.93,14.93
610.134,274.103,8.03,8.03,14.93,14.93
969.6189999999999,610.134,8.03,8.03,14.93,14.93
1237.9569999999999,969.6189999999999,8.03,8.03,14.93,14.93
1380.285,1237.9569999999999,8.03,8.03,14.93,14.93
1367.148,1380.285,8.03,8.03,14.945,14.93
1325.7720000000002,1367.148,8.03,8.03,14.95,14.945
1248.036,1325.7720000000002,8.03,8.03,14.95,14.95
1231.925,1248.036,8.03,8.03,14.95,14.95
1230.83,1231.925,8.03,8.03,14.95,14.95
1233.589,1230.83,8.03,8.03,14.95,14.95
1231.037,1233.589,8.48,8.03,14.95,14.95
1232.194,1231.037,8.66,8.48,14.95,14.95
1227.402,1232.194,8.66,8.66,14.95,14.95
1224.633,1227.402,8.66,8.66,14.95,14.95
1225.974,1224.633,8.66,8.66,14.95,14.95
1259.002,1225.974,8.66,8.66,14.95,14.95
1276.381,1259.002,8.66,8.66,14.95,14.95
1286.1860000000001,1276.381,8.66,8.66,14.95,14.95
1289.9089999999999,1286.1860000000001,8.66,8.66,14.95,14.95
1290.357,1289.9089999999999,8.66,8.66,14.95,14.95
1289.521,1290.357,8.66,8.66,14.95,14.95
1305.001,1289.521,8.66,8.66,14.95,14.95
1302.222,1305.001,8.66,8.66,14.95,14.95
1303.752,1302.222,8.66,8.66,14.95,14.95
1311.105,1303.752,8.66,8.66,14.95,14.95
1289.565,1311.105,8.66,8.66,14.95,14.95
1302.2060000000001,1289.565,8.66,8.66,14.95,14.95
1312.1660000000002,1302.2060000000001,8.66,8.66,14.95,14.95
1300.4569999999999,1312.1660000000002,8.66,8.66,14.95,14.95
1290.417,1300.4569999999999,8.66,8.66,14.95,14.95
1279.756,1290.417,10.732000000000001,8.66,14.95,14.95
1252.385,1279.756,11.84,10.732000000000001,14.95,14.95
1228.538,1252.385,11.84,11.84,14.95,14.95
1204.56,1228.538,11.84,11.84,14.95,14.95
1215.028,1204.56,11.84,11.84,14.95,14.95
1199.3339999999998,1215.028,11.84,11.84,14.95,14.95
1183.448,1199.3339999999998,11.84,11.84,14.95,14.95
1185.884,1183.448,11.84,11.84,14.95,14.95
1177.984,1185.884,11.84,11.84,14.95,14.95
1159.7839999999999,1177.984,11.84,11.84,14.95,14.95
1173.553,1159.7839999999999,11.84,11.84,14.95,14.95
1178.585,1173.553,11.84,11.84,14.95,14.95
1173.221,1178.585,11.84,11.84,14.95,14.95
1178.193,1173.221,11.84,11.84,14.95,14.95
1188.2060000000001,1178.193,11.84,11.84,14.95,14.95
1192.893,1188.2060000000001,11.84,11.84,14.95,14.95
1181.647,1192.893,11.84,11.84,14.95,14.95
1188.076,1181.647,11.84,11.84,14.95,14.95
1196.0230000000001,1188.076,11.84,11.84,14.95,14.95
1194.442,1196.0230000000001,11.84,11.84,14.95,14.95
1209.8419999999999,1194.442,11.84,11.84,14.95,14.95
1208.693,1209.8419999999999,11.502,11.84,14.95,14.95
1201.856,1208.693,11.38,11.502,14.95,14.95
1202.214,1201.856,11.38,11.38,14.95,14.95
1204.656,1202.214,11.38,11.38,14.95,14.95
1210.6689999999999,1204.656,11.38,11.38,14.95,14.95
1218.146,1210.6689999999999,11.38,11.38,14.95,14.95
1227.137,1218.146,11.38,11.38,14.95,14.95
1215.724,1227.137,11.38,11.38,14.95,14.95
1211.131,1215.724,11.38,11.38,14.95,14.95
1207.796,1211.131,11.38,11.38,14.95,14.95
1208.752,1207.796,11.38,11.38,14.95,14.95
1205.662,1208.752,11.38,11.38,14.95,14.95
1208.823,1205.662,11.38,11.38,14.95,14.95
1208.027,1208.823,11.38,11.38,14.95,14.95
1208.021,1208.027,11.38,11.38,14.95,14.95
1213.421,1208.021,11.38,11.38,14.95,14.95
1211.809,1213.421,11.38,11.38,14.95,14.95
1190.704,1211.809,11.38,11.38,14.95,14.95
1188.952,1190.704,11.38,11.38,14.95,14.95
1193.81,1188.952,11.05,11.38,14.95,14.95
1200.556,1193.81,10.87,11.05,14.95,14.95
1205.931,1200.556,10.87,10.87,14.95,14.95
1212.173,1205.931,10.87,10.87,14.944,14.95
1217.134,1212.173,10.87,10.87,14.94,14.944
1223.296,1217.134,10.87,10.87,14.94,14.94
1226.654,1223.296,10.87,10.87,14.94,14.94
1236.237,1226.654,10.87,10.87,14.94,14.94
1236.2930000000001,1236.237,10.87,10.87,14.94,14.94
1226.76,1236.2930000000001,10.87,10.87,14.94,14.94
1235.076,1226.76,10.87,10.87,14.94,14.94
1241.262,1235.076,10.87,10.87,14.94,14.94
1246.506,1241.262,10.87,10.87,14.94,14.94
1238.4669999999999,1246.506,10.87,10.87,14.94,14.94
1233.241,1238.4669999999999,10.87,10.87,14.94,14.94
1235.9660000000001,1233.241,10.87,10.87,14.94,14.94
1243.987,1235.9660000000001,10.87,10.87,14.94,14.94
1249.414,1243.987,10.87,10.87,14.94,14.94
1250.1789999999999,1249.414,10.767000000000001,10.87,14.94,14.94
1262.795,1250.1789999999999,10.71,10.767000000000001,14.94,14.94
1260.236,1262.795,10.71,10.71,14.94,14.94
1270.5339999999999,1260.236,10.71,10.71,14.94,14.94
1270.731,1270.5339999999999,10.71,10.71,14.94,14.94
1265.368,1270.731,10.71,10.71,14.94,14.94
1274.948,1265.368,10.71,10.71,14.94,14.94
1275.362,1274.948,10.71,10.71,14.94,14.94
1270.153,1275.362,10.71,10.71,14.94,14.94
1271.6019999999999,1270.153,10.71,10.71,14.94,14.94
1275.299,1271.6019999999999,10.71,10.71,14.94,14.94
1273.4260000000002,1275.299,10.71,10.71,14.94,14.94
1273.055,1273.4260000000002,10.71,10.71,14.94,14.94
1273.915,1273.055,10.71,10.71,14.94,14.94
1274.812,1273.915,10.71,10.71,14.94,14.94
1277.351,1274.812,10.71,10.71,14.94,14.94
1289.501,1277.351,10.71,10.71,14.94,14.94
1289.2089999999998,1289.501,10.11,10.71,14.94,14.94
1283.617,1289.2089999999998,9.78,10.11,14.94,14.94
1271.792,1283.617,9.78,9.78,14.94,14.94
1262.381,1271.792,9.78,9.78,14.94,14.94
1260.335,1262.381,9.78,9.78,14.933,14.94
1277.753,1260.335,9.78,9.78,14.93,14.933
1281.336,1277.753,9.78,9.78,14.93,14.93
1287.748,1281.336,9.78,9.78,14.93,14.93
1299.952,1287.748,9.78,9.78,14.93,14.93
1291.4289999999999,1299.952,9.78,9.78,14.93,14.93
1277.671,1291.4289999999999,9.78,9.78,14.93,14.93
1270.5810000000001,1277.671,9.78,9.78,14.93,14.93
1269.749,1270.5810000000001,9.78,9.78,14.93,14.93
1265.34,1269.749,9.78,9.78,14.93,14.93
1264.5539999999999,1265.34,9.78,9.78,14.93,14.93
1260.434,1264.5539999999999,9.78,9.78,14.93,14.93
1244.9560000000001,1260.434,9.78,9.78,14.93,14.93
1236.098,1244.9560000000001,10.151,9.78,14.93,14.93
1229.931,1236.098,10.34,10.151,14.93,14.93
1236.606,1229.931,10.34,10.34,14.93,14.93
1239.873,1236.606,10.34,10.34,14.93,14.93
1231.7160000000001,1239.873,10.34,10.34,14.93,14.93
1232.392,1231.7160000000001,10.34,10.34,14.93,14.93
1233.067,1232.392,10.34,10.34,14.93,14.93
1237.019,1233.067,10.34,10.34,14.93,14.93
1237.5330000000001,1237.019,10.34,10.34,14.93,14.93
1211.486,1237.5330000000001,10.34,10.34,14.924000000000001,14.93
1207.792,1211.486,10.34,10.34,14.914000000000001,14.924000000000001
1202.596,1207.792,10.34,10.34,14.91,14.914000000000001
1193.354,1202.596,10.34,10.34,14.904000000000002,14.91
1188.883,1193.354,10.34,10.34,14.9,14.904000000000002
1169.379,1188.883,10.34,10.34,14.892999999999999,14.9
1155.117,1169.379,10.34,10.34,14.89,14.892999999999999
1150.38,1155.117,10.34,10.34,14.883,14.89
1119.325,1150.38,11.120999999999999,10.34,14.874,14.883
1052.192,1119.325,11.55,11.120999999999999,14.87,14.874
1014.429,1052.192,11.55,11.55,14.863,14.87
1002.304,1014.429,11.55,11.55,14.86,14.863
951.424,1002.304,11.55,11.55,14.854000000000001,14.86
919.448,951.424,11.55,11.55,14.844000000000001,14.854000000000001
916.326,919.448,11.55,11.55,14.84,14.844000000000001
914.687,916.326,11.55,11.55,14.833,14.84
898.056,914.687,11.55,11.55,14.83,14.833
885.852,898.056,11.55,11.55,14.823,14.83
868.1039999999999,885.852,11.55,11.55,14.82,14.823
852.1419999999999,868.1039999999999,11.55,11.55,14.812999999999999,14.82
851.225,852.1419999999999,11.55,11.55,14.802999999999999,14.812999999999999
858.295,851.225,11.55,11.55,14.8,14.802999999999999
861.9810000000001,858.295,11.55,11.55,14.793,14.8
854.941,861.9810000000001,11.55,11.55,14.79,14.793
854.9110000000001,854.941,8.226,11.55,14.783,14.79
857.164,854.9110000000001,6.45,8.226,14.78,14.783
862.1089999999999,857.164,6.45,6.45,14.773,14.78
867.721,862.1089999999999,6.45,6.45,14.763,14.773
863.927,867.721,6.45,6.45,14.76,14.763
854.877,863.927,6.45,6.45,14.753,14.76
845.454,854.877,6.45,6.45,14.743,14.753
856.696,845.454,6.45,6.45,14.74,14.743
862.888,856.696,6.45,6.45,14.74,14.74
855.432,862.888,6.45,6.45,14.732999999999999,14.74
859.47,855.432,6.45,6.45,14.724,14.732999999999999
867.2719999999999,859.47,6.45,6.45,14.72,14.724
863.5,867.2719999999999,6.45,6.45,14.713,14.72
854.198,863.5,6.45,6.45,14.71,14.713
855.362,854.198,6.45,6.45,14.703,14.71
855.0369999999999,855.362,6.45,6.45,14.7,14.703
859.268,855.0369999999999,7.4639999999999995,6.45,14.693,14.7
869.306,859.268,7.99,7.4639999999999995,14.684000000000001,14.693
864.0880000000001,869.306,7.99,7.99,14.674000000000001,14.684000000000001
848.456,864.0880000000001,7.99,7.99,14.67,14.674000000000001
850.008,848.456,7.99,7.99,14.663,14.67
859.404,850.008,7.99,7.99,14.66,14.663
857.345,859.404,7.99,7.99,14.66,14.66
864.941,857.345,7.99,7.99,14.652999999999999,14.66
863.975,864.941,7.99,7.99,14.642999999999999,14.652999999999999
861.742,863.975,7.99,7.99,14.64,14.642999999999999
846.012,861.742,7.99,7.99,14.627,14.64
841.4839999999999,846.012,7.99,7.99,14.645999999999999,14.627
846.2539999999999,841.4839999999999,7.99,7.99,14.654000000000002,14.645999999999999
855.115,846.2539999999999,7.99,7.99,14.689,14.654000000000002
852.2239999999999,855.115,7.99,7.99,14.855,14.689
853.505,852.2239999999999,7.99,7.99,14.890999999999998,14.855
858.664,853.505,7.99,7.99,14.649000000000001,14.890999999999998
851.1089999999999,858.664,8.089,7.99,14.501,14.649000000000001
842.16,851.1089999999999,8.13,8.089,14.545,14.501
843.5269999999999,842.16,8.13,8.13,14.649000000000001,14.545
843.7689999999999,843.5269999999999,8.13,8.13,14.72,14.649000000000001
840.6080000000001,843.7689999999999,8.13,8.13,14.825999999999999,14.72
851.2339999999999,840.6080000000001,8.13,8.13,14.883,14.825999999999999
861.449,851.2339999999999,8.13,8.13,14.897,14.883
856.322,861.449,8.13,8.13,14.854000000000001,14.897
857.102,856.322,8.13,8.13,14.988,14.854000000000001
848.643,857.102,8.13,8.13,15.235999999999999,14.988
843.313,848.643,8.13,8.13,15.293,15.235999999999999
839.8480000000001,843.313,8.13,8.13,15.367,15.293
836.618,839.8480000000001,8.13,8.13,15.299000000000001,15.367
845.334,836.618,8.13,8.13,15.140999999999998,15.299000000000001
853.012,845.334,8.13,8.13,15.071,15.140999999999998
896.5239999999999,853.012,8.13,8.13,14.937999999999999,15.071
989.9680000000001,896.5239999999999,8.13,8.13,14.831,14.937999999999999
1063.4769999999999,989.9680000000001,11.866,8.13,14.815999999999999,14.831
1138.2,1063.4769999999999,13.91,11.866,14.975999999999999,14.815999999999999
1206.028,1138.2,13.91,13.91,15.261,14.975999999999999
1232.945,1206.028,13.91,13.91,15.597000000000001,15.261
1222.494,1232.945,13.91,13.91,15.842,15.597000000000001
1104.782,1222.494,13.91,13.91,15.748,15.842
1004.914,1104.782,13.91,13.91,15.595,15.748
960.9760000000001,1004.914,13.91,13.91,15.489,15.595
922.2489999999999,960.9760000000001,13.91,13.91,15.392000000000001,15.489
899.945,922.2489999999999,13.91,13.91,15.183,15.392000000000001
905.1289999999999,899.945,13.91,13.91,14.97,15.183
904.2739999999999,905.1289999999999,13.91,13.91,14.883,14.97
908.628,904.2739999999999,13.91,13.91,14.797,14.883
961.347,908.628,13.91,13.91,14.399000000000001,14.797
990.2819999999999,961.347,13.91,13.91,14.232000000000001,14.399000000000001
1045.922,990.2819999999999,13.91,13.91,14.130999999999998,14.232000000000001
1078.508,1045.922,13.91,13.91,14.192,14.130999999999998
1145.07,1078.508,12.693,13.91,14.562999999999999,14.192
1183.753,1145.07,12.3,12.693,14.792,14.562999999999999
1227.029,1183.753,12.3,12.3,15.025,14.792
1284.539,1227.029,12.3,12.3,15.190999999999999,15.025
1323.101,1284.539,12.3,12.3,15.329,15.190999999999999
1374.783,1323.101,12.3,12.3,15.562999999999999,15.329
1379.743,1374.783,12.3,12.3,15.857999999999999,15.562999999999999
1387.138,1379.743,12.3,12.3,16.070999999999998,15.857999999999999
1384.319,1387.138,12.3,12.3,15.774000000000001,16.070999999999998
1380.865,1384.319,12.3,12.3,15.429,15.774000000000001
1390.882,1380.865,12.3,12.3,14.864,15.429
1427.4560000000001,1390.882,12.3,12.3,14.642000000000001,14.864
1469.547,1427.4560000000001,12.3,12.3,14.556,14.642000000000001
1500.838,1469.547,12.3,12.3,14.582,14.556
1556.933,1500.838,12.3,12.3,14.737,14.582
1574.7,1556.933,12.3,12.3,14.887,14.737
1592.4589999999998,1574.7,12.3,12.3,14.95,14.887
1643.875,1592.4589999999998,12.3,12.3,15.18,14.95
1664.769,1643.875,12.3,12.3,15.25,15.18
1706.351,1664.769,23.622,12.3,15.152000000000001,15.25
1725.851,1706.351,25.94,23.622,15.052,15.152000000000001
1774.19,1725.851,25.94,25.94,14.811,15.052
1898.664,1774.19,25.94,25.94,14.731,14.811
1944.256,1898.664,25.94,25.94,14.788,14.731
1945.996,1944.256,25.94,25.94,14.827,14.788
1978.1029999999998,1945.996,25.94,25.94,14.839,14.827
2046.9560000000001,1978.1029999999998,25.94,25.94,14.887,14.839
2068.755,2046.9560000000001,25.94,25.94,15.07,14.887
2071.17,2068.755,25.94,25.94,15.073,15.07
2112.232,2071.17,25.94,25.94,14.849,15.073
2156.281,2112.232,25.94,25.94,14.677,14.849
2187.279,2156.281,25.94,25.94,14.640999999999998,14.677
2220.7470000000003,2187.279,25.94,25.94,14.647,14.640999999999998
2246.492,2220.7470000000003,25.94,25.94,14.540999999999999,14.647
2274.133,2246.492,25.94,25.94,14.523,14.540999999999999
2298.68,2274.133,25.94,25.94,14.808,14.523
2328.814,2298.68,25.94,25.94,14.970999999999998,14.808
2297.9570000000003,2328.814,25.94,25.94,14.998,14.970999999999998
2063.755,2297.9570000000003,30.695999999999998,25.94,14.762,14.998
1914.454,2063.755,30.94,30.695999999999998,14.662,14.762
1756.5829999999999,1914.454,30.94,30.94,14.657,14.662
1667.361,1756.5829999999999,30.94,30.94,14.645999999999999,14.657
1673.4679999999998,1667.361,30.94,30.94,14.835999999999999,14.645999999999999
1740.713,1673.4679999999998,30.94,30.94,14.944,14.835999999999999
1793.2079999999999,1740.713,30.94,30.94,15.029000000000002,14.944
1817.4370000000001,1793.2079999999999,30.94,30.94,14.843,15.029000000000002
1837.836,1817.4370000000001,30.94,30.94,14.727,14.843
1836.713,1837.836,30.94,30.94,14.717,14.727
1833.635,1836.713,30.94,30.94,14.742,14.717
1766.7720000000002,1833.635,30.94,30.94,14.697000000000001,14.742
1740.4660000000001,1766.7720000000002,30.94,30.94,14.747,14.697000000000001
1736.8210000000001,1740.4660000000001,30.94,30.94,14.683,14.747
1731.246,1736.8210000000001,30.94,30.94,14.538,14.683
1727.874,1731.246,30.94,30.94,14.465,14.538
1772.1270000000002,1727.874,30.94,30.94,14.225999999999999,14.465
1793.905,1772.1270000000002,30.94,30.94,14.137,14.225999999999999
1836.9579999999999,1793.905,30.94,30.94,14.225999999999999,14.137
1874.799,1836.9579999999999,25.895,30.94,14.273,14.225999999999999
1928.213,1874.799,23.25,25.895,14.359000000000002,14.273
1922.481,1928.213,23.25,23.25,14.617,14.359000000000002
1870.275,1922.481,23.25,23.25,14.767999999999999,14.617
1763.805,1870.275,23.25,23.25,14.618,14.767999999999999
1747.2979999999998,1763.805,23.25,23.25,14.55,14.618
1763.616,1747.2979999999998,23.25,23.25,14.587,14.55
1763.819,1763.616,23.25,23.25,14.628,14.587
1778.045,1763.819,23.25,23.25,14.633,14.628
1815.374,1778.045,23.25,23.25,14.66,14.633
1810.236,1815.374,23.25,23.25,14.808,14.66
1758.535,1810.236,23.25,23.25,14.844000000000001,14.808
1748.796,1758.535,23.25,23.25,14.815,14.844000000000001
1771.9470000000001,1748.796,23.25,23.25,14.479000000000001,14.815
1787.934,1771.9470000000001,23.25,23.25,14.402999999999999,14.479000000000001
1809.5539999999999,1787.934,23.25,23.25,14.387,14.402999999999999
1842.9379999999999,1809.5539999999999,23.25,23.25,14.335,14.387
1861.94,1842.9379999999999,23.25,23.25,14.29,14.335
1888.721,1861.94,23.25,23.25,14.447000000000001,14.29
1903.731,1888.721,19.293,23.25,14.525,14.447000000000001
1919.18,1903.731,18.01,19.293,14.564,14.525
1938.201,1919.18,18.01,18.01,14.390999999999998,14.564
1953.3729999999998,1938.201,18.01,18.01,14.293,14.390999999999998
1953.72,1953.3729999999998,18.01,18.01,14.2,14.293
1962.388,1953.72,18.01,18.01,14.147,14.2
1964.994,1962.388,18.01,18.01,14.148,14.147
1982.5220000000002,1964.994,18.01,18.01,14.12,14.148
1975.265,1982.5220000000002,18.01,18.01,14.254000000000001,14.12
1981.815,1975.265,18.01,18.01,14.422,14.254000000000001
1993.136,1981.815,18.01,18.01,14.527999999999999,14.422
1994.154,1993.136,18.01,18.01,14.579,14.527999999999999
2003.369,1994.154,18.01,18.01,14.444,14.579
2013.04,2003.369,18.01,18.01,14.547,14.444
2020.672,2013.04,18.01,18.01,14.677999999999999,14.547
1934.17,2020.672,18.01,18.01,14.958,14.677999999999999
1871.675,1934.17,18.01,18.01,15.102,14.958
1758.556,1871.675,22.685,18.01,15.440999999999999,15.102
1696.601,1758.556,25.08,22.685,15.922,15.440999999999999
1687.499,1696.601,25.08,25.08,16.397000000000002,15.922
1699.73,1687.499,25.08,25.08,16.915,16.397000000000002
1693.707,1699.73,25.08,25.08,16.777,16.915
1714.8010000000002,1693.707,25.08,25.08,16.239,16.777
1739.506,1714.8010000000002,25.08,25.08,15.917,16.239
1751.237,1739.506,25.08,25.08,15.764000000000001,15.917
1740.48,1751.237,25.08,25.08,15.654000000000002,15.764000000000001
1739.891,1740.48,25.08,25.08,15.54,15.654000000000002
1758.4229999999998,1739.891,25.08,25.08,15.414000000000001,15.54
1771.1229999999998,1758.4229999999998,25.08,25.08,15.225,15.414000000000001
1765.201,1771.1229999999998,25.08,25.08,14.894,15.225
1761.91,1765.201,25.08,25.08,14.732000000000001,14.894
1765.013,1761.91,25.08,25.08,14.649000000000001,14.732000000000001
1771.375,1765.013,25.08,25.08,14.466,14.649000000000001
1775.749,1771.375,25.08,25.08,14.412,14.466
1772.36,1775.749,17.593,25.08,14.440999999999999,14.412
1768.864,1772.36,14.23,17.593,14.495999999999999,14.440999999999999
1766.524,1768.864,14.23,14.23,14.52,14.495999999999999
1747.4370000000001,1766.524,14.23,14.23,14.52,14.52
1648.9,1747.4370000000001,14.23,14.23,14.72,14.52
1581.121,1648.9,14.23,14.23,14.860999999999999,14.72
1568.2679999999998,1581.121,14.23,14.23,14.888,14.860999999999999
1542.4479999999999,1568.2679999999998,14.23,14.23,15.057,14.888
1510.364,1542.4479999999999,14.23,14.23,15.064,15.057
1493.2,1510.364,14.23,14.23,15.155999999999999,15.064
1499.779,1493.2,14.23,14.23,15.235,15.155999999999999
1503.8210000000001,1499.779,14.23,14.23,15.263,15.235
1503.1370000000002,1503.8210000000001,14.23,14.23,15.332,15.263
1498.4389999999999,1503.1370000000002,14.23,14.23,15.373,15.332
1482.3770000000002,1498.4389999999999,14.23,14.23,15.405999999999999,15.373
1466.0510000000002,1482.3770000000002,14.23,14.23,15.582,15.405999999999999
1452.934,1466.0510000000002,14.23,14.23,15.578,15.582
1456.4679999999998,1452.934,14.23,14.23,15.444,15.578
1461.464,1456.4679999999998,14.23,14.23,15.184000000000001,15.444
1463.579,1461.464,13.514000000000001,14.23,14.870999999999999,15.184000000000001
1468.3239999999998,1463.579,13.15,13.514000000000001,14.76,14.870999999999999
1471.649,1468.3239999999998,13.15,13.15,14.753,14.76
1477.1770000000001,1471.649,13.15,13.15,14.802999999999999,14.753
1481.033,1477.1770000000001,13.15,13.15,14.925,14.802999999999999
1489.0910000000001,1481.033,13.15,13.15,15.029000000000002,14.925
1489.205,1489.0910000000001,13.15,13.15,15.126,15.029000000000002
1493.38,1489.205,13.15,13.15,15.382,15.126
1498.89,1493.38,13.15,13.15,15.470999999999998,15.382
1502.233,1498.89,13.15,13.15,15.552,15.470999999999998
1504.8120000000001,1502.233,13.15,13.15,15.616,15.552
1500.808,1504.8120000000001,13.15,13.15,15.65,15.616
1501.685,1500.808,13.15,13.15,15.49,15.65
1501.204,1501.685,13.15,13.15,15.177,15.49
1501.44,1501.204,13.15,13.15,14.649000000000001,15.177
1513.382,1501.44,13.15,13.15,14.41,14.649000000000001
1528.0870000000002,1513.382,13.15,13.15,14.123,14.41
1522.4679999999998,1528.0870000000002,13.15,13.15,14.142999999999999,14.123
1502.6329999999998,1522.4679999999998,11.21,13.15,14.644,14.142999999999999
1461.297,1502.6329999999998,10.2,11.21,15.032,14.644
1397.27,1461.297,10.2,10.2,15.421,15.032
1361.5279999999998,1397.27,10.2,10.2,15.633,15.421
1350.5379999999998,1361.5279999999998,10.2,10.2,15.564,15.633
1352.918,1350.5379999999998,10.2,10.2,15.523,15.564
1330.195,1352.918,10.2,10.2,15.705,15.523
1312.858,1330.195,10.2,10.2,15.77,15.705
1312.915,1312.858,10.2,10.2,15.795,15.77
1315.898,1312.915,10.2,10.2,15.645,15.795
1317.87,1315.898,10.2,10.2,15.332,15.645
1320.329,1317.87,10.2,10.2,15.094000000000001,15.332
1329.6760000000002,1320.329,10.2,10.2,14.852,15.094000000000001
1325.1979999999999,1329.6760000000002,10.2,10.2,14.775,14.852
1313.418,1325.1979999999999,10.2,10.2,15.032,14.775
1303.323,1313.418,10.2,10.2,15.130999999999998,15.032
1304.4769999999999,1303.323,10.2,10.2,14.960999999999999,15.130999999999998
1306.251,1304.4769999999999,10.2,10.2,14.764000000000001,14.960999999999999
1306.184,1306.251,10.2,10.2,14.687999999999999,14.764000000000001
1307.109,1306.184,10.056000000000001,10.2,14.390999999999998,14.687999999999999
1301.545,1307.109,9.99,10.056000000000001,14.253,14.390999999999998
1291.511,1301.545,9.99,9.99,14.257,14.253
1267.719,1291.511,9.99,9.99,14.24,14.257
1250.371,1267.719,9.99,9.99,14.31,14.24
1243.47,1250.371,9.99,9.99,14.389000000000001,14.31
1242.243,1243.47,9.99,9.99,14.384,14.389000000000001
1242.994,1242.243,9.99,9.99,14.540999999999999,14.384
1240.612,1242.994,9.99,9.99,14.894,14.540999999999999
1241.995,1240.612,9.99,9.99,15.154000000000002,14.894
1230.8039999999999,1241.995,9.99,9.99,15.2,15.154000000000002
1208.4160000000002,1230.8039999999999,9.99,9.99,15.259,15.2
1140.422,1208.4160000000002,9.99,9.99,15.300999999999998,15.259
1105.493,1140.422,9.99,9.99,15.119000000000002,15.300999999999998
1137.694,1105.493,9.99,9.99,14.969000000000001,15.119000000000002
1156.825,1137.694,9.99,9.99,15.017999999999999,14.969000000000001
1125.246,1156.825,9.99,9.99,15.29,15.017999999999999
1108.004,1125.246,9.99,9.99,15.487,15.29
1118.565,1108.004,9.99,9.99,15.642999999999999,15.487
1131.155,1118.565,8.607000000000001,9.99,15.73,15.642999999999999
1133.155,1131.155,8.12,8.607000000000001,15.747,15.73
1162.162,1133.155,8.12,8.12,15.657,15.747
1189.497,1162.162,8.12,8.12,15.642999999999999,15.657
1164.593,1189.497,8.12,8.12,15.8,15.642999999999999
1132.542,1164.593,8.12,8.12,15.988,15.8
1118.494,1132.542,8.12,8.12,16.215999999999998,15.988
1112.269,1118.494,8.12,8.12,16.346,16.215999999999998
1102.315,1112.269,8.12,8.12,16.414,16.346
1084.806,1102.315,8.12,8.12,16.186,16.414
1076.8410000000001,1084.806,8.12,8.12,16.028,16.186
1074.721,1076.8410000000001,8.12,8.12,15.842,16.028
1080.1680000000001,1074.721,8.12,8.12,15.679,15.842
1083.4160000000002,1080.1680000000001,8.12,8.12,15.377,15.679
1084.583,1083.4160000000002,8.12,8.12,15.09,15.377
1082.0430000000001,1084.583,8.12,8.12,14.972999999999999,15.09
1081.344,1082.0430000000001,8.12,8.12,15.194,14.972999999999999
1083.815,1081.344,8.12,8.12,15.565,15.194
1089.163,1083.815,9.592,8.12,15.933,15.565
1086.588,1089.163,10.33,9.592,16.102999999999998,15.933
1091.81,1086.588,10.33,10.33,16.211,16.102999999999998
1090.485,1091.81,10.33,10.33,16.225,16.211
1091.353,1090.485,10.33,10.33,16.189,16.225
1094.61,1091.353,10.33,10.33,15.985,16.189
1092.253,1094.61,10.33,10.33,15.892999999999999,15.985
1090.5,1092.253,10.33,10.33,15.927,15.892999999999999
1095.475,1090.5,10.33,10.33,15.978,15.927
1095.782,1095.475,10.33,10.33,15.955,15.978
1094.6960000000001,1095.782,10.33,10.33,15.835999999999999,15.955
1094.326,1094.6960000000001,10.33,10.33,15.71,15.835999999999999
1091.662,1094.326,10.33,10.33,15.515,15.71
1093.8110000000001,1091.662,10.33,10.33,15.674000000000001,15.515
1095.7069999999999,1093.8110000000001,10.33,10.33,15.862,15.674000000000001
1091.605,1095.7069999999999,10.33,10.33,15.915,15.862
1090.632,1091.605,10.33,10.33,15.943,15.915
1088.837,1090.632,10.33,10.33,15.942,15.943
1090.83,1088.837,10.33,10.33,15.919,15.942
1090.8419999999999,1090.83,6.081,10.33,15.585999999999999,15.919
1087.661,1090.8419999999999,3.91,6.081,15.265,15.585999999999999
1084.312,1087.661,3.91,3.91,15.029000000000002,15.265
1085.84,1084.312,3.91,3.91,14.898,15.029000000000002
1085.41,1085.84,3.91,3.91,14.88,14.898
1084.4260000000002,1085.41,3.91,3.91,14.902999999999999,14.88
1082.336,1084.4260000000002,3.91,3.91,14.959000000000001,14.902999999999999
1079.6680000000001,1082.336,3.91,3.91,15.2,14.959000000000001
1079.749,1079.6680000000001,3.91,3.91,15.423,15.2
1077.128,1079.749,3.91,3.91,15.565,15.423
1074.015,1077.128,3.91,3.91,15.636,15.565
1076.079,1074.015,3.91,3.91,15.677,15.636
1074.8339999999998,1076.079,3.91,3.91,15.79,15.677
1074.796,1074.8339999999998,3.91,3.91,15.759,15.79
1071.035,1074.796,3.91,3.91,15.469000000000001,15.759
1074.348,1071.035,3.91,3.91,15.306,15.469000000000001
1075.401,1074.348,3.91,3.91,15.175,15.306
1078.022,1075.401,3.91,3.91,15.062999999999999,15.175
1085.701,1078.022,3.443,3.91,14.979000000000001,15.062999999999999
1090.24,1085.701,3.3,3.443,15.044,14.979000000000001
1097.704,1090.24,3.3,3.3,15.162,15.044
1095.392,1097.704,3.3,3.3,15.175999999999998,15.162
1091.833,1095.392,3.3,3.3,15.277000000000001,15.175999999999998
1091.619,1091.833,3.3,3.3,15.503,15.277000000000001
1080.357,1091.619,3.3,3.3,15.925,15.503
1069.5919999999999,1080.357,3.3,3.3,16.176,15.925
1063.039,1069.5919999999999,3.3,3.3,16.442,16.176
1062.108,1063.039,3.3,3.3,16.546,16.442
1061.127,1062.108,3.3,3.3,16.582,16.546
1062.282,1061.127,3.3,3.3,16.651,16.582
1063.325,1062.282,3.3,3.3,16.754,16.651
1057.9460000000001,1063.325,3.3,3.3,16.795,16.754
1055.902,1057.9460000000001,3.3,3.3,16.793,16.795
1059.45,1055.902,3.3,3.3,16.812,16.793
1055.579,1059.45,3.3,3.3,16.881,16.812
1058.788,1055.579,3.3,3.3,17.229,16.881
1057.377,1058.788,3.3,3.3,17.307000000000002,17.229
1056.117,1057.377,4.15,3.3,17.208,17.307000000000002
1055.425,1056.117,4.41,4.15,17.195,17.208
1053.9089999999999,1055.425,4.41,4.41,17.169,17.195
1055.224,1053.9089999999999,4.41,4.41,17.007,17.169
1054.026,1055.224,4.41,4.41,16.692,17.007
1050.819,1054.026,4.41,4.41,16.549,16.692
1057.278,1050.819,4.41,4.41,16.492,16.549
1057.009,1057.278,4.41,4.41,16.442,16.492
1054.335,1057.009,4.41,4.41,16.407,16.442
1054.708,1054.335,4.41,4.41,16.354,16.407
1052.701,1054.708,4.41,4.41,16.285999999999998,16.354
1055.8310000000001,1052.701,4.41,4.41,16.239,16.285999999999998
1056.392,1055.8310000000001,4.41,4.41,16.149,16.239
1055.277,1056.392,4.41,4.41,16.029,16.149
1057.873,1055.277,4.41,4.41,15.9,16.029
1058.942,1057.873,4.41,4.41,15.793,15.9
1057.431,1058.942,4.41,4.41,15.889000000000001,15.793
1063.968,1057.431,4.41,4.41,15.829,15.889000000000001
1060.178,1063.968,11.390999999999998,4.41,15.798,15.829
1060.445,1060.178,13.52,11.390999999999998,15.927999999999999,15.798
1067.006,1060.445,13.52,13.52,15.999,15.927999999999999
1069.254,1067.006,13.52,13.52,16.057000000000002,15.999
1071.867,1069.254,13.52,13.52,16.058,16.057000000000002
1066.594,1071.867,13.52,13.52,15.992,16.058
1070.768,1066.594,13.52,13.52,15.843,15.992
1075.417,1070.768,13.52,13.52,15.651,15.843
1078.9080000000001,1075.417,13.52,13.52,15.203,15.651
1077.614,1078.9080000000001,13.52,13.52,14.909,15.203
1079.174,1077.614,13.52,13.52,14.755,14.909
1078.585,1079.174,13.52,13.52,14.564,14.755
1082.885,1078.585,13.52,13.52,14.687999999999999,14.564
1082.335,1082.885,13.52,13.52,14.583,14.687999999999999
1085.288,1082.335,13.52,13.52,14.425,14.583
1085.626,1085.288,13.52,13.52,14.235,14.425
1085.5,1085.626,13.52,13.52,14.12,14.235
1088.621,1085.5,13.52,13.52,14.047,14.12
1090.28,1088.621,13.52,13.52,13.689,14.047
1086.601,1090.28,11.174000000000001,13.52,13.703,13.689
1090.493,1086.601,10.41,11.174000000000001,14.468,13.703
1091.963,1090.493,10.41,10.41,14.972000000000001,14.468
1093.8,1091.963,10.41,10.41,15.345,14.972000000000001
1095.726,1093.8,10.41,10.41,15.328,15.345
1099.338,1095.726,10.41,10.41,15.186,15.328
1094.144,1099.338,10.41,10.41,15.125,15.186
1099.48,1094.144,10.41,10.41,15.254000000000001,15.125
1102.782,1099.48,10.41,10.41,15.19,15.254000000000001
1098.2269999999999,1102.782,10.41,10.41,15.144,15.19
1098.354,1098.2269999999999,10.41,10.41,15.321,15.144
1100.149,1098.354,10.41,10.41,15.530999999999999,15.321
1097.827,1100.149,10.41,10.41,15.579,15.530999999999999
1105.5230000000001,1097.827,10.41,10.41,15.602,15.579
1099.256,1105.5230000000001,10.41,10.41,15.542,15.602
1101.8039999999999,1099.256,10.41,10.41,15.334000000000001,15.542
1107.241,1101.8039999999999,10.41,10.41,15.3,15.334000000000001
1107.8039999999999,1107.241,10.41,10.41,15.277000000000001,15.3
1105.5839999999998,1107.8039999999999,10.41,10.41,15.27,15.277000000000001
1107.49,1105.5839999999998,9.154,10.41,15.339,15.27
1109.208,1107.49,8.77,9.154,15.375,15.339
1108.925,1109.208,8.77,8.77,15.388,15.375
1109.325,1108.925,8.77,8.77,15.597000000000001,15.388
1111.415,1109.325,8.77,8.77,15.683,15.597000000000001
1109.51,1111.415,8.77,8.77,15.735999999999999,15.683
1111.623,1109.51,8.77,8.77,15.75,15.735999999999999
1111.925,1111.623,8.77,8.77,15.704,15.75
1114.049,1111.925,8.77,8.77,15.505999999999998,15.704
1109.577,1114.049,8.77,8.77,15.45,15.505999999999998
1108.0,1109.577,8.77,8.77,15.412,15.45
1116.238,1108.0,8.77,8.77,15.339,15.412
1116.643,1116.238,8.77,8.77,15.274000000000001,15.339
1112.935,1116.643,8.77,8.77,15.252,15.274000000000001
1112.766,1112.935,8.77,8.77,15.265,15.252
1117.0230000000001,1112.766,8.77,8.77,15.293,15.265
1118.442,1117.0230000000001,8.77,8.77,15.3,15.293
1119.65,1118.442,8.77,8.77,15.338,15.3
1118.6589999999999,1119.65,8.77,8.77,15.549000000000001,15.338
1115.759,1118.6589999999999,8.456,8.77,15.694,15.549000000000001
1122.281,1115.759,8.36,8.456,15.751,15.694
1124.117,1122.281,8.36,8.36,15.767999999999999,15.751
1119.593,1124.117,8.36,8.36,15.785,15.767999999999999
1124.19,1119.593,8.36,8.36,15.591,15.785
1124.4669999999999,1124.19,8.36,8.36,15.460999999999999,15.591
1120.743,1124.4669999999999,8.36,8.36,15.432,15.460999999999999
1122.816,1120.743,8.36,8.36,15.484000000000002,15.432
1122.026,1122.816,8.36,8.36,15.492,15.484000000000002
1121.117,1122.026,8.36,8.36,15.444,15.492
1125.983,1121.117,8.36,8.36,15.453,15.444
1124.0510000000002,1125.983,8.36,8.36,15.468,15.453
1123.767,1124.0510000000002,8.36,8.36,15.485,15.468
1127.45,1123.767,8.36,8.36,15.49,15.485
1129.266,1127.45,8.36,8.36,15.765999999999998,15.49
1129.308,1129.266,8.36,8.36,15.85,15.765999999999998
1130.017,1129.308,8.36,8.36,15.827,15.85
1127.376,1130.017,8.36,8.36,15.874,15.827
1128.991,1127.376,8.536,8.36,15.882,15.874
1133.008,1128.991,8.59,8.536,15.65,15.882
1125.759,1133.008,8.59,8.59,15.542,15.65
1127.4660000000001,1125.759,8.59,8.59,15.460999999999999,15.542
1133.5410000000002,1127.4660000000001,8.59,8.59,15.455,15.460999999999999
1132.317,1133.5410000000002,8.59,8.59,15.468,15.455
1130.542,1132.317,8.59,8.59,15.478,15.468
1132.358,1130.542,8.59,8.59,15.472000000000001,15.478
1134.15,1132.358,8.59,8.59,15.478,15.472000000000001
1134.68,1134.15,8.59,8.59,15.487,15.478
1136.816,1134.68,8.59,8.59,15.482000000000001,15.487
1135.008,1136.816,8.59,8.59,15.48,15.482000000000001
1133.1,1135.008,8.59,8.59,15.664000000000001,15.48
1138.884,1133.1,8.59,8.59,15.682,15.664000000000001
1136.149,1138.884,8.59,8.59,15.677999999999999,15.682
1135.325,1136.149,8.59,8.59,15.725999999999999,15.677999999999999
1142.401,1135.325,8.59,8.59,15.748,15.725999999999999
1143.542,1142.401,8.59,8.59,15.489,15.748
1133.857,1143.542,8.59,8.59,15.387,15.489
1136.751,1133.857,8.452,8.59,15.395,15.387
1143.101,1136.751,8.41,8.452,15.4,15.395
1143.733,1143.101,8.41,8.41,15.469000000000001,15.4
1144.267,1143.733,8.41,8.41,15.59,15.469000000000001
1139.517,1144.267,8.41,8.41,15.635,15.59
1138.958,1139.517,8.41,8.41,15.625,15.635
1145.385,1138.958,8.41,8.41,15.665999999999999,15.625
1146.2910000000002,1145.385,8.41,8.41,15.687999999999999,15.665999999999999
1141.974,1146.2910000000002,8.41,8.41,15.874,15.687999999999999
1146.694,1141.974,8.41,8.41,15.953,15.874
1147.733,1146.694,8.41,8.41,15.952,15.953
1144.241,1147.733,8.41,8.41,15.981,15.952
1140.758,1144.241,8.41,8.41,15.982000000000001,15.981
1146.327,1140.758,8.41,8.41,15.735,15.982000000000001
1147.867,1146.327,8.41,8.41,15.729000000000001,15.735
1146.983,1147.867,8.41,8.41,15.75,15.729000000000001
1147.517,1146.983,8.41,8.41,15.712,15.75
1146.983,1147.517,8.41,8.41,15.677,15.712
1151.5439999999999,1146.983,8.41,8.41,15.655,15.677
1152.617,1151.5439999999999,8.41,8.41,15.619000000000002,15.655
1146.365,1152.617,6.255,8.41,15.679,15.619000000000002
1142.965,1146.365,5.6,6.255,15.708,15.679
1148.254,1142.965,5.6,5.6,15.787,15.708
1141.943,1148.254,5.6,5.6,16.017,15.787
1142.761,1141.943,5.6,5.6,16.487000000000002,16.017
1142.983,1142.761,5.6,5.6,16.541,16.487000000000002
1144.86,1142.983,5.6,5.6,16.29,16.541
1142.047,1144.86,5.6,5.6,16.067,16.29
1143.11,1142.047,5.6,5.6,15.705,16.067
1140.005,1143.11,5.6,5.6,15.532,15.705
1142.8039999999999,1140.005,5.6,5.6,15.238,15.532
1144.25,1142.8039999999999,5.6,5.6,15.027000000000001,15.238
1140.603,1144.25,5.6,5.6,14.959000000000001,15.027000000000001
1137.005,1140.603,5.6,5.6,14.988,14.959000000000001
1143.733,1137.005,5.6,5.6,15.030999999999999,14.988
1145.8319999999999,1143.733,5.6,5.6,15.04,15.030999999999999
1139.368,1145.8319999999999,5.6,5.6,15.075999999999999,15.04
1143.713,1139.368,5.6,5.6,15.159,15.075999999999999
1144.7910000000002,1143.713,6.659,5.6,15.302999999999999,15.159
1140.663,1144.7910000000002,6.98,6.659,15.363,15.302999999999999
1140.843,1140.663,6.98,6.98,15.577,15.363
1143.1680000000001,1140.843,6.98,6.98,15.777999999999999,15.577
1142.599,1143.1680000000001,6.98,6.98,16.173,15.777999999999999
1146.086,1142.599,6.98,6.98,16.303,16.173
1139.961,1146.086,6.98,6.98,16.371,16.303
1138.326,1139.961,6.98,6.98,16.482,16.371
1145.0230000000001,1138.326,6.98,6.98,16.479,16.482
1146.808,1145.0230000000001,6.98,6.98,16.132,16.479
1140.61,1146.808,6.98,6.98,15.960999999999999,16.132
1140.86,1140.61,6.98,6.98,15.856,15.960999999999999
1143.802,1140.86,6.98,6.98,15.784,15.856
1141.238,1143.802,6.98,6.98,15.793,15.784
1140.826,1141.238,6.98,6.98,15.785,15.793
1141.9589999999998,1140.826,6.98,6.98,15.795,15.785
1140.715,1141.9589999999998,6.98,6.98,15.762,15.795
1143.703,1140.715,6.98,6.98,15.742,15.762
1145.901,1143.703,6.98,6.98,15.702,15.742
1142.988,1145.901,7.417000000000001,6.98,15.705,15.702
1147.372,1142.988,7.55,7.417000000000001,15.894,15.705
1149.915,1147.372,7.55,7.55,16.038,15.894
1142.315,1149.915,7.55,7.55,16.13,16.038
1140.517,1142.315,7.55,7.55,16.173,16.13
1148.0410000000002,1140.517,7.55,7.55,16.149,16.173
1150.634,1148.0410000000002,7.55,7.55,15.94,16.149
1144.2269999999999,1150.634,7.55,7.55,15.857000000000001,15.94
1146.088,1144.2269999999999,7.55,7.55,15.796,15.857000000000001
1145.715,1146.088,7.55,7.55,15.68,15.796
1147.9360000000001,1145.715,7.55,7.55,15.627,15.68
1152.396,1147.9360000000001,7.55,7.55,15.642999999999999,15.627
1145.632,1152.396,7.55,7.55,15.635,15.642999999999999
1144.143,1145.632,7.55,7.55,15.651,15.635
1148.432,1144.143,7.55,7.55,15.63,15.651
1146.488,1148.432,7.55,7.55,15.589,15.63
1144.349,1146.488,7.55,7.55,15.557,15.589
1150.7160000000001,1144.349,7.55,7.55,15.734000000000002,15.557
1150.255,1150.7160000000001,7.6339999999999995,7.55,15.850999999999999,15.734000000000002
1148.732,1150.255,7.66,7.6339999999999995,15.832,15.850999999999999
1143.894,1148.732,7.66,7.66,15.828,15.832
1149.7930000000001,1143.894,7.66,7.66,15.853,15.828
1152.9589999999998,1149.7930000000001,7.66,7.66,15.914000000000001,15.853
1154.095,1152.9589999999998,7.66,7.66,15.652999999999999,15.914000000000001
1149.016,1154.095,7.66,7.66,15.527000000000001,15.652999999999999
1146.808,1149.016,7.66,7.66,15.499,15.527000000000001
1154.8110000000001,1146.808,7.66,7.66,15.452,15.499
1157.058,1154.8110000000001,7.66,7.66,15.394,15.452
1149.515,1157.058,7.66,7.66,15.372,15.394
1153.2,1149.515,7.66,7.66,15.385,15.372
1154.808,1153.2,7.66,7.66,15.382,15.385
1149.952,1154.808,7.66,7.66,15.38,15.382
1149.652,1149.952,7.66,7.66,15.372,15.38
1154.607,1149.652,7.66,7.66,15.577,15.372
1155.616,1154.607,7.66,7.66,15.632,15.577
1152.045,1155.616,7.66,7.66,15.652999999999999,15.632
1154.4569999999999,1152.045,7.66,7.66,15.668,15.652999999999999
1154.147,1154.4569999999999,8.796,7.66,15.609000000000002,15.668
1158.257,1154.147,9.34,8.796,15.368,15.609000000000002
1164.61,1158.257,9.34,9.34,15.144,15.368
1161.9660000000001,1164.61,9.34,9.34,15.085,15.144
1163.823,1161.9660000000001,9.34,9.34,15.195,15.085
1169.552,1163.823,9.34,9.34,15.345,15.195
1166.007,1169.552,9.34,9.34,15.449000000000002,15.345
1169.876,1166.007,9.34,9.34,15.530999999999999,15.449000000000002
1176.6860000000001,1169.876,9.34,9.34,15.558,15.530999999999999
1182.2839999999999,1176.6860000000001,9.34,9.34,15.475,15.558
1179.0819999999999,1182.2839999999999,9.34,9.34,15.319,15.475
1176.982,1179.0819999999999,9.34,9.34,15.142000000000001,15.319
1188.461,1176.982,9.34,9.34,14.992,15.142000000000001
1181.632,1188.461,9.34,9.34,14.829,14.992
1185.8,1181.632,9.34,9.34,14.559000000000001,14.829
1196.994,1185.8,9.34,9.34,14.22,14.559000000000001
1200.394,1196.994,9.34,9.34,14.078,14.22
1199.079,1200.394,9.34,9.34,14.095999999999998,14.078
1202.532,1199.079,19.93,9.34,14.072000000000001,14.095999999999998
1207.782,1202.532,23.13,19.93,14.029000000000002,14.072000000000001
1204.9669999999999,1207.782,23.13,23.13,13.974,14.029000000000002
1208.742,1204.9669999999999,23.13,23.13,13.914000000000001,13.974
1215.626,1208.742,23.13,23.13,13.862,13.914000000000001
1222.243,1215.626,23.13,23.13,14.05,13.862
1219.478,1222.243,23.13,23.13,14.145999999999999,14.05
1220.913,1219.478,23.13,23.13,14.15,14.145999999999999
1227.991,1220.913,23.13,23.13,13.984000000000002,14.15
1227.083,1227.991,23.13,23.13,13.890999999999998,13.984000000000002
1229.53,1227.083,23.13,23.13,13.82,13.890999999999998
1238.432,1229.53,23.13,23.13,13.792,13.82
1242.67,1238.432,23.13,23.13,13.821,13.792
1241.137,1242.67,23.13,23.13,13.83,13.821
1240.5,1241.137,23.13,23.13,13.853,13.83
1250.87,1240.5,23.13,23.13,13.86,13.853
1254.846,1250.87,23.13,23.13,14.023,13.86
1252.87,1254.846,23.13,23.13,14.129000000000001,14.023
1256.994,1252.87,23.13,23.13,14.125,14.129000000000001
1262.337,1256.994,23.914,23.13,13.949000000000002,14.125
1261.009,1262.337,24.05,23.914,13.905999999999999,13.949000000000002
1265.984,1261.009,24.05,24.05,13.908,13.905999999999999
1266.6860000000001,1265.984,24.05,24.05,13.955,13.908
1270.848,1266.6860000000001,24.05,24.05,13.955,13.955
1276.656,1270.848,24.05,24.05,13.965,13.955
1277.256,1276.656,24.05,24.05,13.978,13.965
1277.509,1277.256,24.05,24.05,13.972999999999999,13.978
1283.198,1277.509,24.05,24.05,14.137,13.972999999999999
1288.899,1283.198,24.05,24.05,14.208,14.137
1284.497,1288.899,24.05,24.05,14.237,14.208
1290.6580000000001,1284.497,24.05,24.05,14.272,14.237
1295.872,1290.6580000000001,24.05,24.05,14.123,14.272
1293.683,1295.872,24.05,24.05,14.083,14.123
1294.373,1293.683,24.05,24.05,14.24,14.083
1299.555,1294.373,24.05,24.05,14.419,14.24
1303.994,1299.555,24.05,24.05,14.519,14.419
1306.29,1303.994,24.05,24.05,14.423,14.519
1302.976,1306.29,24.05,24.05,14.297,14.423
1307.224,1302.976,24.05,24.05,14.409,14.297
1313.612,1307.224,17.712,24.05,14.421,14.409
1317.5179999999998,1313.612,16.71,17.712,14.458,14.421
1316.6470000000002,1317.5179999999998,16.71,16.71,14.445,14.458
1320.714,1316.6470000000002,16.71,16.71,14.253,14.445
1319.756,1320.714,16.71,16.71,14.23,14.253
1322.7179999999998,1319.756,16.71,16.71,14.245,14.23
1328.42,1322.7179999999998,16.71,16.71,14.25,14.245
1325.5379999999998,1328.42,16.71,16.71,14.275,14.25
1328.635,1325.5379999999998,16.71,16.71,14.254000000000001,14.275
1333.263,1328.635,16.71,16.71,14.257,14.254000000000001
1335.1589999999999,1333.263,16.71,16.71,14.425,14.257
1334.7420000000002,1335.1589999999999,16.71,16.71,14.547,14.425
1334.683,1334.7420000000002,16.71,16.71,14.530999999999999,14.547
1335.556,1334.683,16.71,16.71,14.456,14.530999999999999
1340.5510000000002,1335.556,16.71,16.71,14.392000000000001,14.456
1344.7079999999999,1340.5510000000002,16.71,16.71,14.161,14.392000000000001
1341.911,1344.7079999999999,16.71,16.71,14.017000000000001,14.161
1342.818,1341.911,16.71,16.71,13.93,14.017000000000001
1346.315,1342.818,16.71,16.71,13.9,13.93
1347.205,1346.315,13.442,16.71,13.9,13.9
1349.1589999999999,1347.205,12.73,13.442,13.923,13.9
1347.735,1349.1589999999999,12.73,12.73,13.95,13.923
1347.997,1347.735,12.73,12.73,14.11,13.95
1355.96,1347.997,12.73,12.73,14.186,14.11
1355.844,1355.96,12.73,12.73,14.28,14.186
1355.319,1355.844,12.73,12.73,14.370999999999999,14.28
1358.9520000000002,1355.319,12.73,12.73,14.269,14.370999999999999
1355.149,1358.9520000000002,12.73,12.73,14.149000000000001,14.269
1362.4389999999999,1355.149,12.73,12.73,14.056,14.149000000000001
1363.5839999999998,1362.4389999999999,12.73,12.73,14.017999999999999,14.056
1362.263,1363.5839999999998,12.73,12.73,14.03,14.017999999999999
1362.598,1362.263,12.73,12.73,14.128,14.03
1359.525,1362.598,12.73,12.73,14.229000000000001,14.128
1369.9470000000001,1359.525,12.73,12.73,14.29,14.229000000000001
1369.566,1369.9470000000001,12.73,12.73,14.491,14.29
1364.497,1369.566,12.73,12.73,14.525,14.491
1367.348,1364.497,12.73,12.73,14.545,14.525
1362.523,1367.348,12.73,12.73,14.595999999999998,14.545
1363.3370000000002,1362.523,11.003,12.73,14.634,14.595999999999998
1366.7179999999998,1363.3370000000002,10.6,11.003,14.389000000000001,14.634
1363.695,1366.7179999999998,10.6,10.6,14.296,14.389000000000001
1362.5379999999998,1363.695,10.6,10.6,14.325999999999999,14.296
1361.5720000000001,1362.5379999999998,10.6,10.6,14.312999999999999,14.325999999999999
1337.432,1361.5720000000001,10.6,10.6,14.307,14.312999999999999
1282.914,1337.432,10.6,10.6,14.261,14.307
1212.609,1282.914,10.6,10.6,14.208,14.261
1151.6689999999999,1212.609,10.6,10.6,14.161,14.208
1139.923,1151.6689999999999,10.6,10.6,14.288,14.161
1114.434,1139.923,10.6,10.6,14.35,14.288
1109.9360000000001,1114.434,10.6,10.6,14.437000000000001,14.35
1112.9160000000002,1109.9360000000001,10.6,10.6,14.59,14.437000000000001
1103.962,1112.9160000000002,10.6,10.6,14.655999999999999,14.59
1101.309,1103.962,10.6,10.6,14.540999999999999,14.655999999999999
1100.143,1101.309,10.6,10.6,14.436,14.540999999999999
1103.912,1100.143,10.6,10.6,14.36,14.436
1104.994,1103.912,10.6,10.6,14.3,14.36
1099.3310000000001,1104.994,10.6,10.6,14.28,14.3
1102.317,1099.3310000000001,9.225,10.6,14.227,14.28
1101.11,1102.317,8.79,9.225,14.195,14.227
1100.443,1101.11,8.79,8.79,14.235999999999999,14.195
1105.106,1100.443,8.79,8.79,14.228,14.235999999999999
1107.9189999999999,1105.106,8.79,8.79,14.334000000000001,14.228
1105.371,1107.9189999999999,8.79,8.79,14.478,14.334000000000001
1104.08,1105.371,8.79,8.79,14.592,14.478
1103.08,1104.08,8.79,8.79,14.814,14.592
1107.455,1103.08,8.79,8.79,14.88,14.814
1110.664,1107.455,8.79,8.79,14.675,14.88
1108.2730000000001,1110.664,8.79,8.79,14.552,14.675
1105.343,1108.2730000000001,8.79,8.79,14.523,14.552
1105.262,1105.343,8.79,8.79,14.505999999999998,14.523
1111.757,1105.262,8.79,8.79,14.456,14.505999999999998
1112.652,1111.757,8.79,8.79,14.378,14.456
1109.747,1112.652,8.79,8.79,14.352,14.378
1112.253,1109.747,8.79,8.79,14.325999999999999,14.352
1109.6760000000002,1112.253,8.79,8.79,14.225999999999999,14.325999999999999
1115.777,1109.6760000000002,11.017000000000001,8.79,14.267000000000001,14.225999999999999
1119.89,1115.777,11.8,11.017000000000001,14.203,14.267000000000001
1115.184,1119.89,11.8,11.8,14.185,14.203
1118.9560000000001,1115.184,11.8,11.8,14.295,14.185
1116.542,1118.9560000000001,11.8,11.8,14.345,14.295
1115.066,1116.542,11.8,11.8,14.173,14.345
1120.823,1115.066,11.8,11.8,14.102,14.173
1117.761,1120.823,11.8,11.8,14.1,14.102
1119.9289999999999,1117.761,11.8,11.8,14.06,14.1
1117.4,1119.9289999999999,11.8,11.8,14.054,14.06
1117.503,1117.4,11.8,11.8,14.038,14.054
1123.764,1117.503,11.8,11.8,13.975,14.038
1124.4260000000002,1123.764,11.8,11.8,13.944,13.975
1126.7839999999999,1124.4260000000002,11.8,11.8,14.151,13.944
1123.475,1126.7839999999999,11.8,11.8,14.265999999999998,14.151
1123.9589999999998,1123.475,11.8,11.8,14.335999999999999,14.265999999999998
1129.508,1123.9589999999998,11.8,11.8,14.327,14.335999999999999
1128.928,1129.508,11.8,11.8,14.117,14.327
1129.9489999999998,1128.928,12.602,11.8,14.036,14.117
1133.3339999999998,1129.9489999999998,12.98,12.602,14.015,14.036
1129.82,1133.3339999999998,12.98,12.98,14.017999999999999,14.015
1132.1789999999999,1129.82,12.98,12.98,14.036,14.017999999999999
1128.377,1132.1789999999999,12.98,12.98,14.065,14.036
1135.542,1128.377,12.98,12.98,14.07,14.065
1139.089,1135.542,12.98,12.98,14.046,14.07
1134.268,1139.089,12.98,12.98,14.056,14.046
1135.785,1134.268,12.98,12.98,14.262,14.056
1133.463,1135.785,12.98,12.98,14.382,14.262
1141.844,1133.463,12.98,12.98,14.425999999999998,14.382
1140.127,1141.844,12.98,12.98,14.439,14.425999999999998
1141.362,1140.127,12.98,12.98,14.275,14.439
1142.662,1141.362,12.98,12.98,14.19,14.275
1139.06,1142.662,12.98,12.98,14.154000000000002,14.19
1141.187,1139.06,12.98,12.98,14.136,14.154000000000002
1142.085,1141.187,12.98,12.98,14.137,14.136
1146.262,1142.085,12.98,12.98,14.147,14.137
1149.9,1146.262,12.98,12.98,14.18,14.147
1145.375,1149.9,12.98,12.98,14.19,14.18
1147.894,1145.375,13.370999999999999,12.98,14.372,14.19
1142.713,1147.894,13.54,13.370999999999999,14.415,14.372
1144.863,1142.713,13.54,13.54,14.395,14.415
1150.377,1144.863,13.54,13.54,14.39,14.395
1149.9,1150.377,13.54,13.54,14.229000000000001,14.39
1152.34,1149.9,13.54,13.54,14.177,14.229000000000001
1146.281,1152.34,13.54,13.54,14.18,14.177
1148.695,1146.281,13.54,13.54,14.147,14.18
1150.973,1148.695,13.54,13.54,14.147,14.147
1148.9189999999999,1150.973,13.54,13.54,14.392999999999999,14.147
1153.943,1148.9189999999999,13.54,13.54,14.458,14.392999999999999
1152.114,1153.943,13.54,13.54,14.485,14.458
1153.889,1152.114,13.54,13.54,14.49,14.485
1154.5,1153.889,13.54,13.54,14.481,14.49
1151.208,1154.5,13.54,13.54,14.436,14.481
1159.155,1151.208,13.54,13.54,14.448,14.436
1159.6580000000001,1159.155,13.54,13.54,14.475,14.448
1159.511,1159.6580000000001,13.54,13.54,14.302,14.475
1162.246,1159.511,13.54,13.54,14.239,14.302
1160.14,1162.246,13.54,13.54,14.216,14.239
1159.622,1160.14,12.048,13.54,14.21,14.216
1157.722,1159.622,11.4,12.048,14.145,14.21
1162.593,1157.722,11.4,11.4,14.232000000000001,14.145
1162.731,1162.593,11.4,11.4,14.305,14.232000000000001
1162.874,1162.731,11.4,11.4,14.300999999999998,14.305
1160.694,1162.874,11.4,11.4,14.239,14.300999999999998
